{"cameraMode":{"drawMode":0,"name":"Shaded","section":"Shading Mode"},"sceneLighting":false,"audioPlay":false,"sceneViewState":{"showFog":true,"showMaterialUpdate":false,"showSkybox":false,"showFlares":true,"showImageEffects":true,"showParticleSystems":true},"in2DMode":false,"pivot":{"x":1.7999999523162842,"y":0.0,"z":55.29999923706055},"rotation":{"x":-0.03201007843017578,"y":-0.9529985189437866,"z":0.28107893466949465,"w":-0.10852929949760437},"size":2.8578836917877199,"orthographic":false}