{"cameraMode":{"drawMode":0,"name":"Shaded","section":"Shading Mode"},"sceneLighting":false,"audioPlay":false,"sceneViewState":{"showFog":true,"showMaterialUpdate":false,"showSkybox":false,"showFlares":true,"showImageEffects":true,"showParticleSystems":true},"in2DMode":false,"pivot":{"x":1.7999999523162842,"y":0.0,"z":55.29999923706055},"rotation":{"x":0.11947387456893921,"y":-0.09485559910535813,"z":0.011469293385744095,"w":0.9882550835609436},"size":2.8578836917877199,"orthographic":false}